filename,height,biomass,leaf_area
obj1.jpg,16,65,162
obj2.jpg,17,70,179
obj3.jpg,22,255,190
obj4.jpg,18,99,186
obj5.jpg,15,50,140
obj6.jpg,25,508,315
obj7.jpg,15,65,158
obj8.jpg,26,614,350
obj9.jpg,18,207,208
obj10.jpg,20,120,210
obj11.jpg,22,457,367
obj12.jpg,16,84,116
obj13.jpg,19,254,268
obj14.jpg,20,302,289
obj15.jpg,26,544,389
obj16.jpg,18,502,168
obj17.jpg,20,214,236
obj18.jpg,27,489,423
obj19.jpg,21,150,324
obj20.jpg,22,198,256